<?xml version="1.0" encoding="UTF-8"?><benchmark>
    <product>dma</product>
    <application_info>
        <info>
            <name>ui_version</name>
            <value>1.5.3285 a1</value>
        </info>
        <info>
            <name>upgrade_key</name>
            <value/>
        </info>
        <info>
            <name>benchmark_run_id</name>
            <value>986fb87b-635f-4e93-b057-3210775f3a72</value>
        </info>
        <info>
            <name>install_id</name>
            <value>38705149-02b4-4e2e-aac0-c6f84c8a91ca</value>
        </info>
        <info>
            <name>application_version</name>
            <value>1.5.3285 a1</value>
        </info>
    </application_info>
    <test_info>
        <benchmark_tests>
            <benchmark_test name="SlingShotM" version="2.0" test_run_type="EXPLICIT"/>
        </benchmark_tests>
        <workload_sets>
            <workload_set name="SlingShotDemoM"/>
            <workload_set name="SlingShotGt1M"/>
            <workload_set name="SlingShotGt2M"/>
            <workload_set name="SlingShotPhysicsM"/>
        </workload_sets>
    </test_info>
    <sets>
        <set>
            <name>SlingShotDemoM</name>
            <settings>
                <setting>
                    <name>set_name</name>
                    <value>SlingShotDemoM</value>
                </setting>
            </settings>
            <workloads>
                <workload>
                    <name>SlingShotDemoM</name>
                    <settings>
                        <setting>
                            <name>monitoring_data_folder</name>
                            <value>/data/data/com.futuremark.dmandroid.application/files/3429171775097</value>
                        </setting>
                        <setting>
                            <name>workload_progress_end</name>
                            <value>25</value>
                        </setting>
                        <setting>
                            <name>workload_progress_start</name>
                            <value>0</value>
                        </setting>
                        <setting>
                            <name>workload_name</name>
                            <value>SlingShotDemoM</value>
                        </setting>
                        <setting>
                            <name>fps_result_type</name>
                            <value>SLING_SHOT_DEMO_M</value>
                        </setting>
                        <setting>
                            <name>config_xml_path</name>
                            <value>configs/l10_demo.xml</value>
                        </setting>
                        <setting>
                            <name>rendering_resolution_width</name>
                            <value>1920</value>
                        </setting>
                        <setting>
                            <name>loading_badge_path</name>
                            <value>images/badges/sling_shot_es30_demo.evaasset</value>
                        </setting>
                    </settings>
                    <results>
                        <result pass_index="0">
                            <primary_result result_type="SlingShotDemoM" unit="fps">15.501078</primary_result>
                            <status code="0"/>
                            <secondary_results>
                                <secondary_result unit="s" quantity="start_time">3430.497976</secondary_result>
                                <secondary_result unit="s" quantity="end_time">3563.381356</secondary_result>
                            </secondary_results>
                        </result>
                    </results>
                </workload>
            </workloads>
        </set>
        <set>
            <name>SlingShotGt1M</name>
            <settings>
                <setting>
                    <name>set_name</name>
                    <value>SlingShotGt1M</value>
                </setting>
            </settings>
            <workloads>
                <workload>
                    <name>SlingShotGt1M</name>
                    <settings>
                        <setting>
                            <name>monitoring_data_folder</name>
                            <value>/data/data/com.futuremark.dmandroid.application/files/3429171775097</value>
                        </setting>
                        <setting>
                            <name>workload_progress_end</name>
                            <value>50</value>
                        </setting>
                        <setting>
                            <name>workload_progress_start</name>
                            <value>25</value>
                        </setting>
                        <setting>
                            <name>workload_name</name>
                            <value>SlingShotGt1M</value>
                        </setting>
                        <setting>
                            <name>fps_result_type</name>
                            <value>SLING_SHOT_GT1_M</value>
                        </setting>
                        <setting>
                            <name>config_xml_path</name>
                            <value>configs/l10_gt1.xml</value>
                        </setting>
                        <setting>
                            <name>rendering_resolution_width</name>
                            <value>1920</value>
                        </setting>
                        <setting>
                            <name>loading_badge_path</name>
                            <value>images/badges/sling_shot_es30_gt1.evaasset</value>
                        </setting>
                    </settings>
                    <results>
                        <result pass_index="0">
                            <primary_result result_type="SlingShotGt1M" unit="fps">20.202692</primary_result>
                            <status code="0"/>
                            <secondary_results>
                                <secondary_result unit="s" quantity="start_time">3564.954169</secondary_result>
                                <secondary_result unit="s" quantity="end_time">3603.085428</secondary_result>
                            </secondary_results>
                        </result>
                    </results>
                </workload>
            </workloads>
        </set>
        <set>
            <name>SlingShotGt2M</name>
            <settings>
                <setting>
                    <name>set_name</name>
                    <value>SlingShotGt2M</value>
                </setting>
            </settings>
            <workloads>
                <workload>
                    <name>SlingShotGt2M</name>
                    <settings>
                        <setting>
                            <name>monitoring_data_folder</name>
                            <value>/data/data/com.futuremark.dmandroid.application/files/3429171775097</value>
                        </setting>
                        <setting>
                            <name>workload_progress_end</name>
                            <value>75</value>
                        </setting>
                        <setting>
                            <name>workload_progress_start</name>
                            <value>50</value>
                        </setting>
                        <setting>
                            <name>workload_name</name>
                            <value>SlingShotGt2M</value>
                        </setting>
                        <setting>
                            <name>fps_result_type</name>
                            <value>SLING_SHOT_GT2_M</value>
                        </setting>
                        <setting>
                            <name>config_xml_path</name>
                            <value>configs/l10_gt2.xml</value>
                        </setting>
                        <setting>
                            <name>rendering_resolution_width</name>
                            <value>1920</value>
                        </setting>
                        <setting>
                            <name>loading_badge_path</name>
                            <value>images/badges/sling_shot_es30_gt2.evaasset</value>
                        </setting>
                    </settings>
                    <results>
                        <result pass_index="0">
                            <primary_result result_type="SlingShotGt2M" unit="fps">11.370815</primary_result>
                            <status code="0"/>
                            <secondary_results>
                                <secondary_result unit="s" quantity="start_time">3604.680817</secondary_result>
                                <secondary_result unit="s" quantity="end_time">3651.287476</secondary_result>
                            </secondary_results>
                        </result>
                    </results>
                </workload>
            </workloads>
        </set>
        <set>
            <name>SlingShotPhysicsM</name>
            <settings>
                <setting>
                    <name>set_name</name>
                    <value>SlingShotPhysicsM</value>
                </setting>
            </settings>
            <workloads>
                <workload>
                    <name>SlingShotPhysicsM</name>
                    <settings>
                        <setting>
                            <name>monitoring_data_folder</name>
                            <value>/data/data/com.futuremark.dmandroid.application/files/3429171775097</value>
                        </setting>
                        <setting>
                            <name>workload_progress_end</name>
                            <value>100</value>
                        </setting>
                        <setting>
                            <name>workload_progress_start</name>
                            <value>75</value>
                        </setting>
                        <setting>
                            <name>workload_name</name>
                            <value>SlingShotPhysicsM</value>
                        </setting>
                        <setting>
                            <name>fps_result_type</name>
                            <value>SLING_SHOT_PHYSICS_M</value>
                        </setting>
                        <setting>
                            <name>config_xml_path</name>
                            <value>configs/l10_pt.xml</value>
                        </setting>
                        <setting>
                            <name>rendering_resolution_width</name>
                            <value>1280</value>
                        </setting>
                        <setting>
                            <name>loading_badge_path</name>
                            <value>images/badges/sling_shot_es30_pt.evaasset</value>
                        </setting>
                    </settings>
                    <results>
                        <result pass_index="0">
                            <status code="0"/>
                            <secondary_results>
                                <secondary_result result_type="SlingShotPhysicsSection0M" unit="fps" quantity="">17.87837</secondary_result>
                                <secondary_result result_type="SlingShotPhysicsSection1M" unit="fps" quantity="">8.032563</secondary_result>
                                <secondary_result result_type="SlingShotPhysicsSection2M" unit="fps" quantity="">4.031394</secondary_result>
                                <secondary_result unit="s" quantity="start_time">3653.116078</secondary_result>
                                <secondary_result unit="s" quantity="end_time">3734.624512</secondary_result>
                            </secondary_results>
                        </result>
                    </results>
                </workload>
            </workloads>
        </set>
    </sets>
    <settings>
        <setting>
            <name>license_key</name>
            <value/>
        </setting>
        <setting>
            <name>workload_resource_root</name>
            <value>file:/storage/emulated/0/Android/data/com.futuremark.dmandroid.application/files/dlc/</value>
        </setting>
        <setting>
            <name>thread_count</name>
            <value>2</value>
        </setting>
        <setting>
            <name>write_benchmark_run_xml_path</name>
            <value>/data/data/com.futuremark.dmandroid.application/files/2015-10-31T00-13-00-062.zip</value>
        </setting>
        <setting>
            <name>speed_run</name>
            <value>false</value>
        </setting>
        <setting>
            <name>force_ldr_lighting</name>
            <value>true</value>
        </setting>
        <setting>
            <name>loop_bmrun_indefinitely</name>
            <value>false</value>
        </setting>
        <setting>
            <name>fps_log_interval</name>
            <value>0</value>
        </setting>
        <setting>
            <name>data_root_path</name>
            <value>dlc/slingshot-android-data</value>
        </setting>
        <setting>
            <name>frame_output_sequence_begin</name>
            <value>0</value>
        </setting>
        <setting>
            <name>loop_bmrun_fixed_passes</name>
            <value>1</value>
        </setting>
        <setting>
            <name>loop_count</name>
            <value>0</value>
        </setting>
        <setting>
            <name>image_dump_times</name>
            <value>0.0</value>
        </setting>
        <setting>
            <name>ux_dat_path</name>
            <value>ux.dat</value>
        </setting>
        <setting>
            <name>enable_frame_output</name>
            <value>false</value>
        </setting>
        <setting>
            <name>offscreen_mode</name>
            <value>false</value>
        </setting>
        <setting>
            <name>write_set_xml_path</name>
            <value/>
        </setting>
        <setting>
            <name>gles_version</name>
            <value>3.0</value>
        </setting>
        <setting>
            <name>image_dump_path</name>
            <value/>
        </setting>
        <setting>
            <name>frame_output_sequence_end</name>
            <value>0</value>
        </setting>
        <setting>
            <name>looping</name>
            <value>false</value>
        </setting>
        <setting>
            <name>disable_loading_screen</name>
            <value>false</value>
        </setting>
        <setting>
            <name>enable_audio</name>
            <value>true</value>
        </setting>
        <setting>
            <name>watermark</name>
            <value/>
        </setting>
        <setting>
            <name>timeline_fixed_fps</name>
            <value>0</value>
        </setting>
    </settings>
    <results>
        <result pass_index="0">
            <name>SlingShotOverallScoreMForPass</name>
            <value unit="">1935.0</value>
            <status code="0">OK</status>
        </result>
        <result pass_index="0">
            <name>SlingShotGraphicsScoreMForPass</name>
            <value unit="">3347.0</value>
            <status code="0">OK</status>
        </result>
        <result pass_index="0">
            <name>SlingShotPhysicsScoreMForPass</name>
            <value unit="">781.0</value>
            <status code="0">OK</status>
        </result>
        <result pass_index="-1">
            <name>SlingShotPhysicsScoreM</name>
            <value unit="">781.0</value>
            <status code="0">OK</status>
        </result>
        <result pass_index="-1">
            <name>SlingShotGraphicsScoreM</name>
            <value unit="">3347.0</value>
            <status code="0">OK</status>
        </result>
        <result pass_index="-1">
            <name>SlingShotOverallScoreM</name>
            <value unit="">1935.0</value>
            <status code="0">OK</status>
        </result>
    </results>
    <execution_state fsm_state="FINALIZE_BENCHMARK_RESULT">
        <current_workload_index>3</current_workload_index>
    </execution_state>
</benchmark>
