<?xml version="1.0" encoding="UTF-8"?><benchmark>
    <results>
        <result>
            <description/>
            <name/>
            <passIndex>-1</passIndex>
            <benchmarkRunId>986fb87b-635f-4e93-b057-3210775f3a72</benchmarkRunId>
            <result_SlingShotOpenGLES30PhysicsScore>781</result_SlingShotOpenGLES30PhysicsScore>
            <result_SlingShotOpenGLES30GraphicsScore>3347</result_SlingShotOpenGLES30GraphicsScore>
            <result_SlingShotOpenGLES303DMarkScore>1935</result_SlingShotOpenGLES303DMarkScore>
        </result>
        <result>
            <description/>
            <name/>
            <passIndex>0</passIndex>
            <benchmarkRunId>986fb87b-635f-4e93-b057-3210775f3a72</benchmarkRunId>
            <result_SlingShotOpenGLES303DMarkScoreForPass>1935</result_SlingShotOpenGLES303DMarkScoreForPass>
            <result_SlingShotOpenGLES30GraphicsScoreForPass>3347</result_SlingShotOpenGLES30GraphicsScoreForPass>
            <result_SlingShotOpenGLES30PhysicsScoreForPass>781</result_SlingShotOpenGLES30PhysicsScoreForPass>
            <result_SlingShotDemoES30>15.50</result_SlingShotDemoES30>
            <result_SlingShotGraphicsTest1ES30>20.20</result_SlingShotGraphicsTest1ES30>
            <result_SlingShotGraphicsTest2ES30>11.37</result_SlingShotGraphicsTest2ES30>
            <result_SlingShotOpenGLES308Threads>17.88</result_SlingShotOpenGLES308Threads>
            <result_SlingShotOpenGLES3024Threads>8.03</result_SlingShotOpenGLES3024Threads>
            <result_SlingShotOpenGLES3048Threads>4.03</result_SlingShotOpenGLES3048Threads>
        </result>
    </results>
</benchmark>
