<?xml version="1.0" encoding="UTF-8"?><benchmark>
    <product>dma</product>
    <application_info>
        <info>
            <name>ui_version</name>
            <value>1.5.3285 a1</value>
        </info>
        <info>
            <name>upgrade_key</name>
            <value/>
        </info>
        <info>
            <name>benchmark_run_id</name>
            <value>392c0dfb-74c7-445b-a9be-8855c13f4f0c</value>
        </info>
        <info>
            <name>install_id</name>
            <value>cc92fe29-24f1-4c77-8866-402018f2178c</value>
        </info>
        <info>
            <name>application_version</name>
            <value>1.5.3285 a1</value>
        </info>
    </application_info>
    <test_info>
        <benchmark_tests>
            <benchmark_test name="IceStormP" version="1.2" test_run_type="EXPLICIT"/>
        </benchmark_tests>
        <workload_sets>
            <workload_set name="IceStormDemo"/>
            <workload_set name="IceStormGt1"/>
            <workload_set name="IceStormGt2"/>
            <workload_set name="IceStormPhysics"/>
        </workload_sets>
    </test_info>
    <sets>
        <set>
            <name>IceStormDemo</name>
            <settings>
                <setting>
                    <name>set_name</name>
                    <value>IceStormDemo</value>
                </setting>
            </settings>
            <workloads>
                <workload>
                    <name>IceStormDemo</name>
                    <settings>
                        <setting>
                            <name>monitoring_data_folder</name>
                            <value>/data/data/com.futuremark.dmandroid.application/files/4503443280646</value>
                        </setting>
                        <setting>
                            <name>workload_progress_end</name>
                            <value>25</value>
                        </setting>
                        <setting>
                            <name>workload_progress_start</name>
                            <value>0</value>
                        </setting>
                        <setting>
                            <name>workload_name</name>
                            <value>IceStormDemo</value>
                        </setting>
                        <setting>
                            <name>fps_result_type</name>
                            <value>ICE_STORM_DEMO</value>
                        </setting>
                        <setting>
                            <name>config_xml_path</name>
                            <value>configs/l9_demo.xml</value>
                        </setting>
                    </settings>
                    <results>
                        <result pass_index="0">
                            <primary_result result_type="IceStormDemo" unit="fps">16.426729</primary_result>
                            <status code="0"/>
                            <secondary_results>
                                <secondary_result unit="s" quantity="start_time">4505.972776</secondary_result>
                                <secondary_result unit="s" quantity="end_time">4666.366259</secondary_result>
                            </secondary_results>
                        </result>
                    </results>
                </workload>
            </workloads>
        </set>
        <set>
            <name>IceStormGt1</name>
            <settings>
                <setting>
                    <name>set_name</name>
                    <value>IceStormGt1</value>
                </setting>
            </settings>
            <workloads>
                <workload>
                    <name>IceStormGt1</name>
                    <settings>
                        <setting>
                            <name>monitoring_data_folder</name>
                            <value>/data/data/com.futuremark.dmandroid.application/files/4503443280646</value>
                        </setting>
                        <setting>
                            <name>workload_progress_end</name>
                            <value>50</value>
                        </setting>
                        <setting>
                            <name>workload_progress_start</name>
                            <value>25</value>
                        </setting>
                        <setting>
                            <name>workload_name</name>
                            <value>IceStormGt1</value>
                        </setting>
                        <setting>
                            <name>fps_result_type</name>
                            <value>ICE_STORM_GT1</value>
                        </setting>
                        <setting>
                            <name>config_xml_path</name>
                            <value>configs/l9_gt1.xml</value>
                        </setting>
                    </settings>
                    <results>
                        <result pass_index="0">
                            <primary_result result_type="IceStormGt1" unit="fps">9.496947</primary_result>
                            <status code="0"/>
                            <secondary_results>
                                <secondary_result unit="s" quantity="start_time">4669.316143</secondary_result>
                                <secondary_result unit="s" quantity="end_time">4712.321103</secondary_result>
                            </secondary_results>
                        </result>
                    </results>
                </workload>
            </workloads>
        </set>
        <set>
            <name>IceStormGt2</name>
            <settings>
                <setting>
                    <name>set_name</name>
                    <value>IceStormGt2</value>
                </setting>
            </settings>
            <workloads>
                <workload>
                    <name>IceStormGt2</name>
                    <settings>
                        <setting>
                            <name>monitoring_data_folder</name>
                            <value>/data/data/com.futuremark.dmandroid.application/files/4503443280646</value>
                        </setting>
                        <setting>
                            <name>workload_progress_end</name>
                            <value>75</value>
                        </setting>
                        <setting>
                            <name>workload_progress_start</name>
                            <value>50</value>
                        </setting>
                        <setting>
                            <name>workload_name</name>
                            <value>IceStormGt2</value>
                        </setting>
                        <setting>
                            <name>fps_result_type</name>
                            <value>ICE_STORM_GT2</value>
                        </setting>
                        <setting>
                            <name>config_xml_path</name>
                            <value>configs/l9_gt2.xml</value>
                        </setting>
                    </settings>
                    <results>
                        <result pass_index="0">
                            <primary_result result_type="IceStormGt2" unit="fps">14.569866</primary_result>
                            <status code="0"/>
                            <secondary_results>
                                <secondary_result unit="s" quantity="start_time">4716.236546</secondary_result>
                                <secondary_result unit="s" quantity="end_time">4759.21125</secondary_result>
                            </secondary_results>
                        </result>
                    </results>
                </workload>
            </workloads>
        </set>
        <set>
            <name>IceStormPhysics</name>
            <settings>
                <setting>
                    <name>set_name</name>
                    <value>IceStormPhysics</value>
                </setting>
            </settings>
            <workloads>
                <workload>
                    <name>IceStormPhysics</name>
                    <settings>
                        <setting>
                            <name>monitoring_data_folder</name>
                            <value>/data/data/com.futuremark.dmandroid.application/files/4503443280646</value>
                        </setting>
                        <setting>
                            <name>workload_progress_end</name>
                            <value>100</value>
                        </setting>
                        <setting>
                            <name>workload_progress_start</name>
                            <value>75</value>
                        </setting>
                        <setting>
                            <name>workload_name</name>
                            <value>IceStormPhysics</value>
                        </setting>
                        <setting>
                            <name>fps_result_type</name>
                            <value>ICE_STORM_PHYSICS</value>
                        </setting>
                        <setting>
                            <name>config_xml_path</name>
                            <value>configs/l9_pt.xml</value>
                        </setting>
                    </settings>
                    <results>
                        <result pass_index="0">
                            <primary_result result_type="IceStormPhysics" unit="fps">21.998775</primary_result>
                            <status code="0"/>
                            <secondary_results>
                                <secondary_result unit="s" quantity="start_time">4762.218682</secondary_result>
                                <secondary_result unit="s" quantity="end_time">4787.997924</secondary_result>
                            </secondary_results>
                        </result>
                    </results>
                </workload>
            </workloads>
        </set>
    </sets>
    <settings>
        <setting>
            <name>license_key</name>
            <value/>
        </setting>
        <setting>
            <name>workload_resource_root</name>
            <value>file:/storage/emulated/0/Android/data/com.futuremark.dmandroid.application/files/dlc/</value>
        </setting>
        <setting>
            <name>thread_count</name>
            <value>4</value>
        </setting>
        <setting>
            <name>write_benchmark_run_xml_path</name>
            <value>/data/data/com.futuremark.dmandroid.application/files/2015-10-28T19-16-38-394.zip</value>
        </setting>
        <setting>
            <name>speed_run</name>
            <value>false</value>
        </setting>
        <setting>
            <name>egl_color_bpp</name>
            <value>0</value>
        </setting>
        <setting>
            <name>loading_screen_enabled</name>
            <value>true</value>
        </setting>
        <setting>
            <name>egl_depth_bpp</name>
            <value>0</value>
        </setting>
        <setting>
            <name>depth_fog</name>
            <value>true</value>
        </setting>
        <setting>
            <name>fixed_fps</name>
            <value>0</value>
        </setting>
        <setting>
            <name>drawing_enabled</name>
            <value>true</value>
        </setting>
        <setting>
            <name>data_root_path</name>
            <value>dlc/is-android-data</value>
        </setting>
        <setting>
            <name>offscreen_mode</name>
            <value>false</value>
        </setting>
        <setting>
            <name>write_set_xml_path</name>
            <value/>
        </setting>
        <setting>
            <name>egl_msaa</name>
            <value>0</value>
        </setting>
        <setting>
            <name>image_dump_path</name>
            <value/>
        </setting>
        <setting>
            <name>looping</name>
            <value>false</value>
        </setting>
        <setting>
            <name>rendering_resolution_width</name>
            <value>1280</value>
        </setting>
        <setting>
            <name>force_single_thread</name>
            <value>false</value>
        </setting>
        <setting>
            <name>quality_post_processing</name>
            <value>false</value>
        </setting>
        <setting>
            <name>timeline_fixed_fps</name>
            <value>0</value>
        </setting>
        <setting>
            <name>loop_bmrun_indefinitely</name>
            <value>false</value>
        </setting>
        <setting>
            <name>first_frame</name>
            <value>0</value>
        </setting>
        <setting>
            <name>culling_enabled</name>
            <value>true</value>
        </setting>
        <setting>
            <name>bloom</name>
            <value>true</value>
        </setting>
        <setting>
            <name>fps_log_interval</name>
            <value>0</value>
        </setting>
        <setting>
            <name>quality_textures</name>
            <value>false</value>
        </setting>
        <setting>
            <name>loop_bmrun_fixed_passes</name>
            <value>1</value>
        </setting>
        <setting>
            <name>loop_count</name>
            <value>0</value>
        </setting>
        <setting>
            <name>image_dump_times</name>
            <value>0.0</value>
        </setting>
        <setting>
            <name>frame_count</name>
            <value>0</value>
        </setting>
        <setting>
            <name>trilinear_filtering</name>
            <value>true</value>
        </setting>
        <setting>
            <name>watermark</name>
            <value/>
        </setting>
        <setting>
            <name>motion_blur</name>
            <value>true</value>
        </setting>
    </settings>
    <results>
        <result pass_index="0">
            <name>IceStormPhysicsScoreForPass</name>
            <value unit="">6930.0</value>
            <status code="0">OK</status>
        </result>
        <result pass_index="0">
            <name>IceStormOverallScoreForPass</name>
            <value unit="">3066.0</value>
            <status code="0">OK</status>
        </result>
        <result pass_index="0">
            <name>IceStormGraphicsScoreForPass</name>
            <value unit="">2645.0</value>
            <status code="0">OK</status>
        </result>
        <result pass_index="-1">
            <name>IceStormGraphicsScore</name>
            <value unit="">2645.0</value>
            <status code="0">OK</status>
        </result>
        <result pass_index="-1">
            <name>IceStormOverallScore</name>
            <value unit="">3066.0</value>
            <status code="0">OK</status>
        </result>
        <result pass_index="-1">
            <name>IceStormPhysicsScore</name>
            <value unit="">6930.0</value>
            <status code="0">OK</status>
        </result>
    </results>
    <execution_state fsm_state="FINALIZE_BENCHMARK_RESULT">
        <current_workload_index>3</current_workload_index>
    </execution_state>
</benchmark>
