<?xml version="1.0" encoding="UTF-8"?><benchmark>
    <results>
        <result>
            <description/>
            <name/>
            <passIndex>-1</passIndex>
            <benchmarkRunId>392c0dfb-74c7-445b-a9be-8855c13f4f0c</benchmarkRunId>
            <result_IceStormPerformanceGraphicsScore>2645</result_IceStormPerformanceGraphicsScore>
            <result_IceStormPerformance3DMarkScore>3066</result_IceStormPerformance3DMarkScore>
            <result_IceStormPerformancePhysicsScore>6930</result_IceStormPerformancePhysicsScore>
        </result>
        <result>
            <description/>
            <name/>
            <passIndex>0</passIndex>
            <benchmarkRunId>392c0dfb-74c7-445b-a9be-8855c13f4f0c</benchmarkRunId>
            <result_IceStormPerformancePhysicsScoreForPass>6930</result_IceStormPerformancePhysicsScoreForPass>
            <result_IceStormPerformance3DMarkScoreForPass>3066</result_IceStormPerformance3DMarkScoreForPass>
            <result_IceStormPerformanceGraphicsScoreForPass>2645</result_IceStormPerformanceGraphicsScoreForPass>
            <result_IceStormDemo>16.43</result_IceStormDemo>
            <result_IceStormGraphicsTest1>9.50</result_IceStormGraphicsTest1>
            <result_IceStormGraphicsTest2>14.57</result_IceStormGraphicsTest2>
            <result_IceStormPhysicsTest>22.00</result_IceStormPhysicsTest>
        </result>
    </results>
</benchmark>
