<?xml version="1.0" encoding="UTF-8"?><benchmark>
    <product>dma</product>
    <application_info>
        <info>
            <name>ui_version</name>
            <value>1.5.3285 a1</value>
        </info>
        <info>
            <name>upgrade_key</name>
            <value/>
        </info>
        <info>
            <name>benchmark_run_id</name>
            <value>e3140f8c-0306-4b9b-848a-71046b342be9</value>
        </info>
        <info>
            <name>install_id</name>
            <value>8d429b3a-b2d3-4f31-90c7-764a95c7dffa</value>
        </info>
        <info>
            <name>application_version</name>
            <value>1.5.3285 a1</value>
        </info>
    </application_info>
    <test_info>
        <benchmark_tests>
            <benchmark_test name="SlingShotN" version="2.0" test_run_type="EXPLICIT"/>
        </benchmark_tests>
        <workload_sets>
            <workload_set name="SlingShotDemoN"/>
            <workload_set name="SlingShotGt1N"/>
            <workload_set name="SlingShotGt2N"/>
            <workload_set name="SlingShotPhysicsN"/>
        </workload_sets>
    </test_info>
    <sets>
        <set>
            <name>SlingShotDemoN</name>
            <settings>
                <setting>
                    <name>set_name</name>
                    <value>SlingShotDemoN</value>
                </setting>
            </settings>
            <workloads>
                <workload>
                    <name>SlingShotDemoN</name>
                    <settings>
                        <setting>
                            <name>monitoring_data_folder</name>
                            <value>/data/data/com.futuremark.dmandroid.application/files/2698340533855</value>
                        </setting>
                        <setting>
                            <name>workload_progress_end</name>
                            <value>25</value>
                        </setting>
                        <setting>
                            <name>workload_progress_start</name>
                            <value>0</value>
                        </setting>
                        <setting>
                            <name>workload_name</name>
                            <value>SlingShotDemoN</value>
                        </setting>
                        <setting>
                            <name>fps_result_type</name>
                            <value>SLING_SHOT_DEMO_N</value>
                        </setting>
                        <setting>
                            <name>config_xml_path</name>
                            <value>configs/l10_demo.xml</value>
                        </setting>
                        <setting>
                            <name>rendering_resolution_width</name>
                            <value>2560</value>
                        </setting>
                        <setting>
                            <name>loading_badge_path</name>
                            <value>images/badges/sling_shot_es31_demo.evaasset</value>
                        </setting>
                    </settings>
                    <results>
                        <result pass_index="0">
                            <primary_result result_type="SlingShotDemoN" unit="fps">10.077137</primary_result>
                            <status code="0"/>
                            <secondary_results>
                                <secondary_result unit="s" quantity="start_time">2700.242839</secondary_result>
                                <secondary_result unit="s" quantity="end_time">2834.280089</secondary_result>
                            </secondary_results>
                        </result>
                    </results>
                </workload>
            </workloads>
        </set>
        <set>
            <name>SlingShotGt1N</name>
            <settings>
                <setting>
                    <name>set_name</name>
                    <value>SlingShotGt1N</value>
                </setting>
            </settings>
            <workloads>
                <workload>
                    <name>SlingShotGt1N</name>
                    <settings>
                        <setting>
                            <name>monitoring_data_folder</name>
                            <value>/data/data/com.futuremark.dmandroid.application/files/2698340533855</value>
                        </setting>
                        <setting>
                            <name>workload_progress_end</name>
                            <value>50</value>
                        </setting>
                        <setting>
                            <name>workload_progress_start</name>
                            <value>25</value>
                        </setting>
                        <setting>
                            <name>workload_name</name>
                            <value>SlingShotGt1N</value>
                        </setting>
                        <setting>
                            <name>fps_result_type</name>
                            <value>SLING_SHOT_GT1_N</value>
                        </setting>
                        <setting>
                            <name>config_xml_path</name>
                            <value>configs/l10_gt1.xml</value>
                        </setting>
                        <setting>
                            <name>rendering_resolution_width</name>
                            <value>2560</value>
                        </setting>
                        <setting>
                            <name>loading_badge_path</name>
                            <value>images/badges/sling_shot_es31_gt1.evaasset</value>
                        </setting>
                    </settings>
                    <results>
                        <result pass_index="0">
                            <primary_result result_type="SlingShotGt1N" unit="fps">14.601946</primary_result>
                            <status code="0"/>
                            <secondary_results>
                                <secondary_result unit="s" quantity="start_time">2836.579266</secondary_result>
                                <secondary_result unit="s" quantity="end_time">2874.733242</secondary_result>
                            </secondary_results>
                        </result>
                    </results>
                </workload>
            </workloads>
        </set>
        <set>
            <name>SlingShotGt2N</name>
            <settings>
                <setting>
                    <name>set_name</name>
                    <value>SlingShotGt2N</value>
                </setting>
            </settings>
            <workloads>
                <workload>
                    <name>SlingShotGt2N</name>
                    <settings>
                        <setting>
                            <name>monitoring_data_folder</name>
                            <value>/data/data/com.futuremark.dmandroid.application/files/2698340533855</value>
                        </setting>
                        <setting>
                            <name>workload_progress_end</name>
                            <value>75</value>
                        </setting>
                        <setting>
                            <name>workload_progress_start</name>
                            <value>50</value>
                        </setting>
                        <setting>
                            <name>workload_name</name>
                            <value>SlingShotGt2N</value>
                        </setting>
                        <setting>
                            <name>fps_result_type</name>
                            <value>SLING_SHOT_GT2_N</value>
                        </setting>
                        <setting>
                            <name>config_xml_path</name>
                            <value>configs/l10_gt2.xml</value>
                        </setting>
                        <setting>
                            <name>rendering_resolution_width</name>
                            <value>2560</value>
                        </setting>
                        <setting>
                            <name>loading_badge_path</name>
                            <value>images/badges/sling_shot_es31_gt2.evaasset</value>
                        </setting>
                    </settings>
                    <results>
                        <result pass_index="0">
                            <primary_result result_type="SlingShotGt2N" unit="fps">7.945345</primary_result>
                            <status code="0"/>
                            <secondary_results>
                                <secondary_result unit="s" quantity="start_time">2876.353124</secondary_result>
                                <secondary_result unit="s" quantity="end_time">2922.741151</secondary_result>
                            </secondary_results>
                        </result>
                    </results>
                </workload>
            </workloads>
        </set>
        <set>
            <name>SlingShotPhysicsN</name>
            <settings>
                <setting>
                    <name>set_name</name>
                    <value>SlingShotPhysicsN</value>
                </setting>
            </settings>
            <workloads>
                <workload>
                    <name>SlingShotPhysicsN</name>
                    <settings>
                        <setting>
                            <name>monitoring_data_folder</name>
                            <value>/data/data/com.futuremark.dmandroid.application/files/2698340533855</value>
                        </setting>
                        <setting>
                            <name>workload_progress_end</name>
                            <value>100</value>
                        </setting>
                        <setting>
                            <name>workload_progress_start</name>
                            <value>75</value>
                        </setting>
                        <setting>
                            <name>workload_name</name>
                            <value>SlingShotPhysicsN</value>
                        </setting>
                        <setting>
                            <name>fps_result_type</name>
                            <value>SLING_SHOT_PHYSICS_N</value>
                        </setting>
                        <setting>
                            <name>config_xml_path</name>
                            <value>configs/l10_pt.xml</value>
                        </setting>
                        <setting>
                            <name>rendering_resolution_width</name>
                            <value>1280</value>
                        </setting>
                        <setting>
                            <name>loading_badge_path</name>
                            <value>images/badges/sling_shot_es31_pt.evaasset</value>
                        </setting>
                    </settings>
                    <results>
                        <result pass_index="0">
                            <status code="0"/>
                            <secondary_results>
                                <secondary_result result_type="SlingShotPhysicsSection0N" unit="fps" quantity="">20.010513</secondary_result>
                                <secondary_result result_type="SlingShotPhysicsSection1N" unit="fps" quantity="">9.521189</secondary_result>
                                <secondary_result result_type="SlingShotPhysicsSection2N" unit="fps" quantity="">4.43233</secondary_result>
                                <secondary_result unit="s" quantity="start_time">2924.335437</secondary_result>
                                <secondary_result unit="s" quantity="end_time">2995.495922</secondary_result>
                            </secondary_results>
                        </result>
                    </results>
                </workload>
            </workloads>
        </set>
    </sets>
    <settings>
        <setting>
            <name>license_key</name>
            <value/>
        </setting>
        <setting>
            <name>workload_resource_root</name>
            <value>file:/storage/emulated/0/Android/data/com.futuremark.dmandroid.application/files/dlc/</value>
        </setting>
        <setting>
            <name>thread_count</name>
            <value>2</value>
        </setting>
        <setting>
            <name>write_benchmark_run_xml_path</name>
            <value>/data/data/com.futuremark.dmandroid.application/files/2015-10-31T00-00-48-556.zip</value>
        </setting>
        <setting>
            <name>speed_run</name>
            <value>false</value>
        </setting>
        <setting>
            <name>force_ldr_lighting</name>
            <value>true</value>
        </setting>
        <setting>
            <name>loop_bmrun_indefinitely</name>
            <value>false</value>
        </setting>
        <setting>
            <name>fps_log_interval</name>
            <value>0</value>
        </setting>
        <setting>
            <name>data_root_path</name>
            <value>dlc/slingshot-android-data</value>
        </setting>
        <setting>
            <name>frame_output_sequence_begin</name>
            <value>0</value>
        </setting>
        <setting>
            <name>loop_bmrun_fixed_passes</name>
            <value>1</value>
        </setting>
        <setting>
            <name>loop_count</name>
            <value>0</value>
        </setting>
        <setting>
            <name>image_dump_times</name>
            <value>0.0</value>
        </setting>
        <setting>
            <name>ux_dat_path</name>
            <value>ux.dat</value>
        </setting>
        <setting>
            <name>enable_frame_output</name>
            <value>false</value>
        </setting>
        <setting>
            <name>offscreen_mode</name>
            <value>false</value>
        </setting>
        <setting>
            <name>write_set_xml_path</name>
            <value/>
        </setting>
        <setting>
            <name>gles_version</name>
            <value>3.1</value>
        </setting>
        <setting>
            <name>image_dump_path</name>
            <value/>
        </setting>
        <setting>
            <name>frame_output_sequence_end</name>
            <value>0</value>
        </setting>
        <setting>
            <name>looping</name>
            <value>false</value>
        </setting>
        <setting>
            <name>disable_loading_screen</name>
            <value>false</value>
        </setting>
        <setting>
            <name>enable_audio</name>
            <value>true</value>
        </setting>
        <setting>
            <name>watermark</name>
            <value/>
        </setting>
        <setting>
            <name>timeline_fixed_fps</name>
            <value>0</value>
        </setting>
    </settings>
    <results>
        <result pass_index="0">
            <name>SlingShotOverallScoreNForPass</name>
            <value unit="">1723.0</value>
            <status code="0">OK</status>
        </result>
        <result pass_index="0">
            <name>SlingShotPhysicsScoreNForPass</name>
            <value unit="">882.0</value>
            <status code="0">OK</status>
        </result>
        <result pass_index="0">
            <name>SlingShotGraphicsScoreNForPass</name>
            <value unit="">2367.0</value>
            <status code="0">OK</status>
        </result>
        <result pass_index="-1">
            <name>SlingShotOverallScoreN</name>
            <value unit="">1723.0</value>
            <status code="0">OK</status>
        </result>
        <result pass_index="-1">
            <name>SlingShotPhysicsScoreN</name>
            <value unit="">882.0</value>
            <status code="0">OK</status>
        </result>
        <result pass_index="-1">
            <name>SlingShotGraphicsScoreN</name>
            <value unit="">2367.0</value>
            <status code="0">OK</status>
        </result>
    </results>
    <execution_state fsm_state="FINALIZE_BENCHMARK_RESULT">
        <current_workload_index>3</current_workload_index>
    </execution_state>
</benchmark>
