<?xml version="1.0" encoding="UTF-8"?><benchmark>
    <results>
        <result>
            <description/>
            <name/>
            <passIndex>-1</passIndex>
            <benchmarkRunId>e3140f8c-0306-4b9b-848a-71046b342be9</benchmarkRunId>
            <result_SlingShotOpenGLES313DMarkScore>1723</result_SlingShotOpenGLES313DMarkScore>
            <result_SlingShotOpenGLES31PhysicsScore>882</result_SlingShotOpenGLES31PhysicsScore>
            <result_SlingShotOpenGLES31GraphicsScore>2367</result_SlingShotOpenGLES31GraphicsScore>
        </result>
        <result>
            <description/>
            <name/>
            <passIndex>0</passIndex>
            <benchmarkRunId>e3140f8c-0306-4b9b-848a-71046b342be9</benchmarkRunId>
            <result_SlingShotOpenGLES313DMarkScoreForPass>1723</result_SlingShotOpenGLES313DMarkScoreForPass>
            <result_SlingShotOpenGLES31PhysicsScoreForPass>882</result_SlingShotOpenGLES31PhysicsScoreForPass>
            <result_SlingShotOpenGLES31GraphicsScoreForPass>2367</result_SlingShotOpenGLES31GraphicsScoreForPass>
            <result_SlingShotDemoES31>10.08</result_SlingShotDemoES31>
            <result_SlingShotGraphicsTest1ES31>14.60</result_SlingShotGraphicsTest1ES31>
            <result_SlingShotGraphicsTest2ES31>7.95</result_SlingShotGraphicsTest2ES31>
            <result_SlingShotOpenGLES318Threads>20.01</result_SlingShotOpenGLES318Threads>
            <result_SlingShotOpenGLES3124Threads>9.52</result_SlingShotOpenGLES3124Threads>
            <result_SlingShotOpenGLES3148Threads>4.43</result_SlingShotOpenGLES3148Threads>
        </result>
    </results>
</benchmark>
