{"deviceClassifier":{"brand":"google","cpuClockFrequency":0,"cpuModel":"","device":"flounder","manufacturer":"htc","model":"Nexus 9"},"deviceIdentifier":{"board":"flounder","fingerprint":"google/volantis/flounder:5.1.1/LMY48T/2237560:user/release-keys","hardware":"flounder"},"deviceOs":{"osType":"ANDROID","osVersion":"5.1.1"},"systemData":{"battery":{"batteryLevelChangeSystemNanos":0,"health":"","level":0,"present":false,"scale":0,"status":"","temperature":0,"voltage":0},"cpus":[],"gpus":[],"memory":{"availableRamMB":0,"totalRamMB":0},"os":{"kernelArchitecture":"","kernelVersion":"","osVersion":""},"powerSource":{"maxDetectedType":"UNKNOWN","type":"UNKNOWN"},"relativeTimestampNs":0,"utcTimestampMs":0}}