<?xml version="1.0" encoding="UTF-8"?><benchmark>
    <product>dma</product>
    <application_info>
        <info>
            <name>ui_version</name>
            <value>1.5.3285 a1</value>
        </info>
        <info>
            <name>upgrade_key</name>
            <value/>
        </info>
        <info>
            <name>benchmark_run_id</name>
            <value>bcd7352c-a8b8-4efd-80a7-629265a9625c</value>
        </info>
        <info>
            <name>install_id</name>
            <value>8f9809c2-0572-4bf8-87aa-42c826b0f7d0</value>
        </info>
        <info>
            <name>application_version</name>
            <value>1.5.3285 a1</value>
        </info>
    </application_info>
    <test_info>
        <benchmark_tests>
            <benchmark_test name="IceStormU" version="1.2" test_run_type="EXPLICIT"/>
        </benchmark_tests>
        <workload_sets>
            <workload_set name="IceStormDemoU"/>
            <workload_set name="IceStormGt1U"/>
            <workload_set name="IceStormGt2U"/>
            <workload_set name="IceStormPhysicsU"/>
        </workload_sets>
    </test_info>
    <sets>
        <set>
            <name>IceStormDemoU</name>
            <settings>
                <setting>
                    <name>set_name</name>
                    <value>IceStormDemoU</value>
                </setting>
            </settings>
            <workloads>
                <workload>
                    <name>IceStormDemoU</name>
                    <settings>
                        <setting>
                            <name>monitoring_data_folder</name>
                            <value>/data/data/com.futuremark.dmandroid.application/files/3979400193355</value>
                        </setting>
                        <setting>
                            <name>workload_progress_end</name>
                            <value>25</value>
                        </setting>
                        <setting>
                            <name>workload_progress_start</name>
                            <value>0</value>
                        </setting>
                        <setting>
                            <name>workload_name</name>
                            <value>IceStormDemoU</value>
                        </setting>
                        <setting>
                            <name>fps_result_type</name>
                            <value>ICE_STORM_DEMO_U</value>
                        </setting>
                        <setting>
                            <name>fixed_fps</name>
                            <value>0</value>
                        </setting>
                        <setting>
                            <name>config_xml_path</name>
                            <value>configs/l9_demo.xml</value>
                        </setting>
                        <setting>
                            <name>offscreen_mode</name>
                            <value>false</value>
                        </setting>
                    </settings>
                    <results>
                        <result pass_index="0">
                            <primary_result result_type="IceStormDemoU" unit="fps">16.430086</primary_result>
                            <status code="0"/>
                            <secondary_results>
                                <secondary_result unit="s" quantity="start_time">3982.325519</secondary_result>
                                <secondary_result unit="s" quantity="end_time">4142.641163</secondary_result>
                            </secondary_results>
                        </result>
                    </results>
                </workload>
            </workloads>
        </set>
        <set>
            <name>IceStormGt1U</name>
            <settings>
                <setting>
                    <name>set_name</name>
                    <value>IceStormGt1U</value>
                </setting>
            </settings>
            <workloads>
                <workload>
                    <name>IceStormGt1U</name>
                    <settings>
                        <setting>
                            <name>monitoring_data_folder</name>
                            <value>/data/data/com.futuremark.dmandroid.application/files/3979400193355</value>
                        </setting>
                        <setting>
                            <name>workload_progress_end</name>
                            <value>50</value>
                        </setting>
                        <setting>
                            <name>workload_progress_start</name>
                            <value>25</value>
                        </setting>
                        <setting>
                            <name>workload_name</name>
                            <value>IceStormGt1U</value>
                        </setting>
                        <setting>
                            <name>fps_result_type</name>
                            <value>ICE_STORM_GT1_U</value>
                        </setting>
                        <setting>
                            <name>fixed_fps</name>
                            <value>30</value>
                        </setting>
                        <setting>
                            <name>config_xml_path</name>
                            <value>configs/l9_gt1.xml</value>
                        </setting>
                        <setting>
                            <name>offscreen_mode</name>
                            <value>true</value>
                        </setting>
                    </settings>
                    <results>
                        <result pass_index="0">
                            <primary_result result_type="IceStormGt1U" unit="fps">9.342468</primary_result>
                            <status code="0"/>
                            <secondary_results>
                                <secondary_result unit="s" quantity="start_time">4146.916092</secondary_result>
                                <secondary_result unit="s" quantity="end_time">4254.938496</secondary_result>
                            </secondary_results>
                        </result>
                    </results>
                </workload>
            </workloads>
        </set>
        <set>
            <name>IceStormGt2U</name>
            <settings>
                <setting>
                    <name>set_name</name>
                    <value>IceStormGt2U</value>
                </setting>
            </settings>
            <workloads>
                <workload>
                    <name>IceStormGt2U</name>
                    <settings>
                        <setting>
                            <name>monitoring_data_folder</name>
                            <value>/data/data/com.futuremark.dmandroid.application/files/3979400193355</value>
                        </setting>
                        <setting>
                            <name>workload_progress_end</name>
                            <value>75</value>
                        </setting>
                        <setting>
                            <name>workload_progress_start</name>
                            <value>50</value>
                        </setting>
                        <setting>
                            <name>workload_name</name>
                            <value>IceStormGt2U</value>
                        </setting>
                        <setting>
                            <name>fps_result_type</name>
                            <value>ICE_STORM_GT2_U</value>
                        </setting>
                        <setting>
                            <name>fixed_fps</name>
                            <value>30</value>
                        </setting>
                        <setting>
                            <name>config_xml_path</name>
                            <value>configs/l9_gt2.xml</value>
                        </setting>
                        <setting>
                            <name>offscreen_mode</name>
                            <value>true</value>
                        </setting>
                    </settings>
                    <results>
                        <result pass_index="0">
                            <primary_result result_type="IceStormGt2U" unit="fps">11.917091</primary_result>
                            <status code="0"/>
                            <secondary_results>
                                <secondary_result unit="s" quantity="start_time">4261.582544</secondary_result>
                                <secondary_result unit="s" quantity="end_time">4346.008666</secondary_result>
                            </secondary_results>
                        </result>
                    </results>
                </workload>
            </workloads>
        </set>
        <set>
            <name>IceStormPhysicsU</name>
            <settings>
                <setting>
                    <name>set_name</name>
                    <value>IceStormPhysicsU</value>
                </setting>
            </settings>
            <workloads>
                <workload>
                    <name>IceStormPhysicsU</name>
                    <settings>
                        <setting>
                            <name>monitoring_data_folder</name>
                            <value>/data/data/com.futuremark.dmandroid.application/files/3979400193355</value>
                        </setting>
                        <setting>
                            <name>workload_progress_end</name>
                            <value>100</value>
                        </setting>
                        <setting>
                            <name>workload_progress_start</name>
                            <value>75</value>
                        </setting>
                        <setting>
                            <name>workload_name</name>
                            <value>IceStormPhysicsU</value>
                        </setting>
                        <setting>
                            <name>fps_result_type</name>
                            <value>ICE_STORM_PHYSICS_U</value>
                        </setting>
                        <setting>
                            <name>fixed_fps</name>
                            <value>30</value>
                        </setting>
                        <setting>
                            <name>config_xml_path</name>
                            <value>configs/l9_pt.xml</value>
                        </setting>
                        <setting>
                            <name>offscreen_mode</name>
                            <value>true</value>
                        </setting>
                    </settings>
                    <results>
                        <result pass_index="0">
                            <primary_result result_type="IceStormPhysicsU" unit="fps">24.647406</primary_result>
                            <status code="0"/>
                            <secondary_results>
                                <secondary_result unit="s" quantity="start_time">4348.582664</secondary_result>
                                <secondary_result unit="s" quantity="end_time">4379.243846</secondary_result>
                            </secondary_results>
                        </result>
                    </results>
                </workload>
            </workloads>
        </set>
    </sets>
    <settings>
        <setting>
            <name>license_key</name>
            <value/>
        </setting>
        <setting>
            <name>workload_resource_root</name>
            <value>file:/storage/emulated/0/Android/data/com.futuremark.dmandroid.application/files/dlc/</value>
        </setting>
        <setting>
            <name>thread_count</name>
            <value>4</value>
        </setting>
        <setting>
            <name>write_benchmark_run_xml_path</name>
            <value>/data/data/com.futuremark.dmandroid.application/files/2015-10-28T19-07-53-739.zip</value>
        </setting>
        <setting>
            <name>speed_run</name>
            <value>false</value>
        </setting>
        <setting>
            <name>egl_color_bpp</name>
            <value>0</value>
        </setting>
        <setting>
            <name>loading_screen_enabled</name>
            <value>true</value>
        </setting>
        <setting>
            <name>egl_depth_bpp</name>
            <value>0</value>
        </setting>
        <setting>
            <name>depth_fog</name>
            <value>true</value>
        </setting>
        <setting>
            <name>drawing_enabled</name>
            <value>true</value>
        </setting>
        <setting>
            <name>data_root_path</name>
            <value>dlc/is-android-data</value>
        </setting>
        <setting>
            <name>write_set_xml_path</name>
            <value/>
        </setting>
        <setting>
            <name>egl_msaa</name>
            <value>0</value>
        </setting>
        <setting>
            <name>image_dump_path</name>
            <value/>
        </setting>
        <setting>
            <name>looping</name>
            <value>false</value>
        </setting>
        <setting>
            <name>rendering_resolution_width</name>
            <value>1280</value>
        </setting>
        <setting>
            <name>force_single_thread</name>
            <value>false</value>
        </setting>
        <setting>
            <name>quality_post_processing</name>
            <value>false</value>
        </setting>
        <setting>
            <name>timeline_fixed_fps</name>
            <value>0</value>
        </setting>
        <setting>
            <name>loop_bmrun_indefinitely</name>
            <value>false</value>
        </setting>
        <setting>
            <name>first_frame</name>
            <value>0</value>
        </setting>
        <setting>
            <name>culling_enabled</name>
            <value>true</value>
        </setting>
        <setting>
            <name>bloom</name>
            <value>true</value>
        </setting>
        <setting>
            <name>fps_log_interval</name>
            <value>0</value>
        </setting>
        <setting>
            <name>quality_textures</name>
            <value>false</value>
        </setting>
        <setting>
            <name>loop_bmrun_fixed_passes</name>
            <value>1</value>
        </setting>
        <setting>
            <name>loop_count</name>
            <value>0</value>
        </setting>
        <setting>
            <name>image_dump_times</name>
            <value>0.0</value>
        </setting>
        <setting>
            <name>frame_count</name>
            <value>0</value>
        </setting>
        <setting>
            <name>trilinear_filtering</name>
            <value>true</value>
        </setting>
        <setting>
            <name>watermark</name>
            <value/>
        </setting>
        <setting>
            <name>motion_blur</name>
            <value>true</value>
        </setting>
    </settings>
    <results>
        <result pass_index="0">
            <name>IceStormPhysicsScoreUForPass</name>
            <value unit="">7764.0</value>
            <status code="0">OK</status>
        </result>
        <result pass_index="0">
            <name>IceStormGraphicsScoreUForPass</name>
            <value unit="">2409.0</value>
            <status code="0">OK</status>
        </result>
        <result pass_index="0">
            <name>IceStormOverallScoreUForPass</name>
            <value unit="">2845.0</value>
            <status code="0">OK</status>
        </result>
        <result pass_index="-1">
            <name>IceStormPhysicsScoreU</name>
            <value unit="">7764.0</value>
            <status code="0">OK</status>
        </result>
        <result pass_index="-1">
            <name>IceStormGraphicsScoreU</name>
            <value unit="">2409.0</value>
            <status code="0">OK</status>
        </result>
        <result pass_index="-1">
            <name>IceStormOverallScoreU</name>
            <value unit="">2845.0</value>
            <status code="0">OK</status>
        </result>
    </results>
    <execution_state fsm_state="FINALIZE_BENCHMARK_RESULT">
        <current_workload_index>3</current_workload_index>
    </execution_state>
</benchmark>
