<?xml version="1.0" encoding="UTF-8"?><benchmark>
    <results>
        <result>
            <description/>
            <name/>
            <passIndex>-1</passIndex>
            <benchmarkRunId>bcd7352c-a8b8-4efd-80a7-629265a9625c</benchmarkRunId>
            <result_IceStormUnlimitedPhysicsScore>7764</result_IceStormUnlimitedPhysicsScore>
            <result_IceStormUnlimitedGraphicsScore>2409</result_IceStormUnlimitedGraphicsScore>
            <result_IceStormUnlimited3DMarkScore>2845</result_IceStormUnlimited3DMarkScore>
        </result>
        <result>
            <description/>
            <name/>
            <passIndex>0</passIndex>
            <benchmarkRunId>bcd7352c-a8b8-4efd-80a7-629265a9625c</benchmarkRunId>
            <result_IceStormUnlimitedPhysicsScoreForPass>7764</result_IceStormUnlimitedPhysicsScoreForPass>
            <result_IceStormUnlimitedGraphicsScoreForPass>2409</result_IceStormUnlimitedGraphicsScoreForPass>
            <result_IceStormUnlimited3DMarkScoreForPass>2845</result_IceStormUnlimited3DMarkScoreForPass>
            <result_IceStormDemoUnlimited>16.43</result_IceStormDemoUnlimited>
            <result_IceStormGraphicsTest1Unlimited>9.34</result_IceStormGraphicsTest1Unlimited>
            <result_IceStormGraphicsTest2Unlimited>11.92</result_IceStormGraphicsTest2Unlimited>
            <result_IceStormPhysicsTestUnlimited>24.65</result_IceStormPhysicsTestUnlimited>
        </result>
    </results>
</benchmark>
