{"deviceClassifier":{"brand":"Allwinner","cpuClockFrequency":0,"cpuModel":"","device":"tulip-p1","manufacturer":"Allwinner","model":"QUAD-CORE A64 p1"},"deviceIdentifier":{"board":"exdroid","fingerprint":"Allwinner/tulip_p1/tulip-p1:5.1.1/LVY48E/20150917:eng/test-keys","hardware":"sun50iw1p1"},"deviceOs":{"osType":"ANDROID","osVersion":"5.1.1"},"systemData":{"battery":{"batteryLevelChangeSystemNanos":0,"health":"","level":0,"present":false,"scale":0,"status":"","temperature":0,"voltage":0},"cpus":[],"gpus":[],"memory":{"availableRamMB":0,"totalRamMB":0},"os":{"kernelArchitecture":"","kernelVersion":"","osVersion":""},"powerSource":{"maxDetectedType":"UNKNOWN","type":"UNKNOWN"},"relativeTimestampNs":0,"utcTimestampMs":0}}