<?xml version="1.0" encoding="UTF-8"?><benchmark>
    <product>dma</product>
    <application_info>
        <info>
            <name>ui_version</name>
            <value>1.5.3285 a1</value>
        </info>
        <info>
            <name>upgrade_key</name>
            <value/>
        </info>
        <info>
            <name>benchmark_run_id</name>
            <value>849585b8-a590-42f6-af33-4d8577f39bb7</value>
        </info>
        <info>
            <name>install_id</name>
            <value>0f9eceb2-7bbc-4ef4-92e5-2555fe4457b8</value>
        </info>
        <info>
            <name>application_version</name>
            <value>1.5.3285 a1</value>
        </info>
    </application_info>
    <test_info>
        <benchmark_tests>
            <benchmark_test name="IceStormX" version="1.2" test_run_type="EXPLICIT"/>
        </benchmark_tests>
        <workload_sets>
            <workload_set name="IceStormDemoX"/>
            <workload_set name="IceStormGt1X"/>
            <workload_set name="IceStormGt2X"/>
            <workload_set name="IceStormPhysicsX"/>
        </workload_sets>
    </test_info>
    <sets>
        <set>
            <name>IceStormDemoX</name>
            <settings>
                <setting>
                    <name>set_name</name>
                    <value>IceStormDemoX</value>
                </setting>
            </settings>
            <workloads>
                <workload>
                    <name>IceStormDemoX</name>
                    <settings>
                        <setting>
                            <name>monitoring_data_folder</name>
                            <value>/data/data/com.futuremark.dmandroid.application/files/2099026663791</value>
                        </setting>
                        <setting>
                            <name>workload_progress_end</name>
                            <value>25</value>
                        </setting>
                        <setting>
                            <name>workload_progress_start</name>
                            <value>0</value>
                        </setting>
                        <setting>
                            <name>workload_name</name>
                            <value>IceStormDemoX</value>
                        </setting>
                        <setting>
                            <name>rendering_resolution_width</name>
                            <value>1920</value>
                        </setting>
                        <setting>
                            <name>fps_result_type</name>
                            <value>ICE_STORM_DEMO_X</value>
                        </setting>
                        <setting>
                            <name>quality_post_processing</name>
                            <value>true</value>
                        </setting>
                        <setting>
                            <name>config_xml_path</name>
                            <value>configs/l9_demo.xml</value>
                        </setting>
                        <setting>
                            <name>quality_textures</name>
                            <value>true</value>
                        </setting>
                    </settings>
                    <results>
                        <result pass_index="0">
                            <primary_result result_type="IceStormDemoX" unit="fps">6.879285</primary_result>
                            <status code="0"/>
                            <secondary_results>
                                <secondary_result unit="s" quantity="start_time">2102.399072</secondary_result>
                                <secondary_result unit="s" quantity="end_time">2273.646076</secondary_result>
                            </secondary_results>
                        </result>
                    </results>
                </workload>
            </workloads>
        </set>
        <set>
            <name>IceStormGt1X</name>
            <settings>
                <setting>
                    <name>set_name</name>
                    <value>IceStormGt1X</value>
                </setting>
            </settings>
            <workloads>
                <workload>
                    <name>IceStormGt1X</name>
                    <settings>
                        <setting>
                            <name>monitoring_data_folder</name>
                            <value>/data/data/com.futuremark.dmandroid.application/files/2099026663791</value>
                        </setting>
                        <setting>
                            <name>workload_progress_end</name>
                            <value>50</value>
                        </setting>
                        <setting>
                            <name>workload_progress_start</name>
                            <value>25</value>
                        </setting>
                        <setting>
                            <name>workload_name</name>
                            <value>IceStormGt1X</value>
                        </setting>
                        <setting>
                            <name>rendering_resolution_width</name>
                            <value>1920</value>
                        </setting>
                        <setting>
                            <name>fps_result_type</name>
                            <value>ICE_STORM_GT1_X</value>
                        </setting>
                        <setting>
                            <name>quality_post_processing</name>
                            <value>true</value>
                        </setting>
                        <setting>
                            <name>config_xml_path</name>
                            <value>configs/l9_gt1.xml</value>
                        </setting>
                        <setting>
                            <name>quality_textures</name>
                            <value>true</value>
                        </setting>
                    </settings>
                    <results>
                        <result pass_index="0">
                            <primary_result result_type="IceStormGt1X" unit="fps">7.930837</primary_result>
                            <status code="0"/>
                            <secondary_results>
                                <secondary_result unit="s" quantity="start_time">2278.929701</secondary_result>
                                <secondary_result unit="s" quantity="end_time">2325.880804</secondary_result>
                            </secondary_results>
                        </result>
                    </results>
                </workload>
            </workloads>
        </set>
        <set>
            <name>IceStormGt2X</name>
            <settings>
                <setting>
                    <name>set_name</name>
                    <value>IceStormGt2X</value>
                </setting>
            </settings>
            <workloads>
                <workload>
                    <name>IceStormGt2X</name>
                    <settings>
                        <setting>
                            <name>monitoring_data_folder</name>
                            <value>/data/data/com.futuremark.dmandroid.application/files/2099026663791</value>
                        </setting>
                        <setting>
                            <name>workload_progress_end</name>
                            <value>75</value>
                        </setting>
                        <setting>
                            <name>workload_progress_start</name>
                            <value>50</value>
                        </setting>
                        <setting>
                            <name>workload_name</name>
                            <value>IceStormGt2X</value>
                        </setting>
                        <setting>
                            <name>rendering_resolution_width</name>
                            <value>1920</value>
                        </setting>
                        <setting>
                            <name>fps_result_type</name>
                            <value>ICE_STORM_GT2_X</value>
                        </setting>
                        <setting>
                            <name>quality_post_processing</name>
                            <value>true</value>
                        </setting>
                        <setting>
                            <name>config_xml_path</name>
                            <value>configs/l9_gt2.xml</value>
                        </setting>
                        <setting>
                            <name>quality_textures</name>
                            <value>true</value>
                        </setting>
                    </settings>
                    <results>
                        <result pass_index="0">
                            <primary_result result_type="IceStormGt2X" unit="fps">6.023664</primary_result>
                            <status code="0"/>
                            <secondary_results>
                                <secondary_result unit="s" quantity="start_time">2328.737692</secondary_result>
                                <secondary_result unit="s" quantity="end_time">2370.71634</secondary_result>
                            </secondary_results>
                        </result>
                    </results>
                </workload>
            </workloads>
        </set>
        <set>
            <name>IceStormPhysicsX</name>
            <settings>
                <setting>
                    <name>set_name</name>
                    <value>IceStormPhysicsX</value>
                </setting>
            </settings>
            <workloads>
                <workload>
                    <name>IceStormPhysicsX</name>
                    <settings>
                        <setting>
                            <name>monitoring_data_folder</name>
                            <value>/data/data/com.futuremark.dmandroid.application/files/2099026663791</value>
                        </setting>
                        <setting>
                            <name>workload_progress_end</name>
                            <value>100</value>
                        </setting>
                        <setting>
                            <name>workload_progress_start</name>
                            <value>75</value>
                        </setting>
                        <setting>
                            <name>workload_name</name>
                            <value>IceStormPhysicsX</value>
                        </setting>
                        <setting>
                            <name>rendering_resolution_width</name>
                            <value>1280</value>
                        </setting>
                        <setting>
                            <name>fps_result_type</name>
                            <value>ICE_STORM_PHYSICS_X</value>
                        </setting>
                        <setting>
                            <name>quality_post_processing</name>
                            <value>false</value>
                        </setting>
                        <setting>
                            <name>config_xml_path</name>
                            <value>configs/l9_pt.xml</value>
                        </setting>
                        <setting>
                            <name>quality_textures</name>
                            <value>false</value>
                        </setting>
                    </settings>
                    <results>
                        <result pass_index="0">
                            <primary_result result_type="IceStormPhysicsX" unit="fps">23.304966</primary_result>
                            <status code="0"/>
                            <secondary_results>
                                <secondary_result unit="s" quantity="start_time">2373.620259</secondary_result>
                                <secondary_result unit="s" quantity="end_time">2399.33167</secondary_result>
                            </secondary_results>
                        </result>
                    </results>
                </workload>
            </workloads>
        </set>
    </sets>
    <settings>
        <setting>
            <name>license_key</name>
            <value/>
        </setting>
        <setting>
            <name>workload_resource_root</name>
            <value>file:/storage/emulated/0/Android/data/com.futuremark.dmandroid.application/files/dlc/</value>
        </setting>
        <setting>
            <name>thread_count</name>
            <value>4</value>
        </setting>
        <setting>
            <name>write_benchmark_run_xml_path</name>
            <value>/data/data/com.futuremark.dmandroid.application/files/2015-10-28T18-36-32-382.zip</value>
        </setting>
        <setting>
            <name>speed_run</name>
            <value>false</value>
        </setting>
        <setting>
            <name>egl_color_bpp</name>
            <value>0</value>
        </setting>
        <setting>
            <name>loading_screen_enabled</name>
            <value>true</value>
        </setting>
        <setting>
            <name>egl_depth_bpp</name>
            <value>0</value>
        </setting>
        <setting>
            <name>depth_fog</name>
            <value>true</value>
        </setting>
        <setting>
            <name>fixed_fps</name>
            <value>0</value>
        </setting>
        <setting>
            <name>drawing_enabled</name>
            <value>true</value>
        </setting>
        <setting>
            <name>data_root_path</name>
            <value>dlc/is-android-data</value>
        </setting>
        <setting>
            <name>offscreen_mode</name>
            <value>false</value>
        </setting>
        <setting>
            <name>write_set_xml_path</name>
            <value/>
        </setting>
        <setting>
            <name>egl_msaa</name>
            <value>0</value>
        </setting>
        <setting>
            <name>image_dump_path</name>
            <value/>
        </setting>
        <setting>
            <name>looping</name>
            <value>false</value>
        </setting>
        <setting>
            <name>force_single_thread</name>
            <value>false</value>
        </setting>
        <setting>
            <name>timeline_fixed_fps</name>
            <value>0</value>
        </setting>
        <setting>
            <name>loop_bmrun_indefinitely</name>
            <value>false</value>
        </setting>
        <setting>
            <name>first_frame</name>
            <value>0</value>
        </setting>
        <setting>
            <name>culling_enabled</name>
            <value>true</value>
        </setting>
        <setting>
            <name>bloom</name>
            <value>true</value>
        </setting>
        <setting>
            <name>fps_log_interval</name>
            <value>0</value>
        </setting>
        <setting>
            <name>loop_bmrun_fixed_passes</name>
            <value>1</value>
        </setting>
        <setting>
            <name>loop_count</name>
            <value>0</value>
        </setting>
        <setting>
            <name>image_dump_times</name>
            <value>0.0</value>
        </setting>
        <setting>
            <name>frame_count</name>
            <value>0</value>
        </setting>
        <setting>
            <name>trilinear_filtering</name>
            <value>true</value>
        </setting>
        <setting>
            <name>watermark</name>
            <value/>
        </setting>
        <setting>
            <name>motion_blur</name>
            <value>true</value>
        </setting>
    </settings>
    <results>
        <result pass_index="0">
            <name>IceStormOverallScoreXForPass</name>
            <value unit="">1908.0</value>
            <status code="0">OK</status>
        </result>
        <result pass_index="0">
            <name>IceStormPhysicsScoreXForPass</name>
            <value unit="">7341.0</value>
            <status code="0">OK</status>
        </result>
        <result pass_index="0">
            <name>IceStormGraphicsScoreXForPass</name>
            <value unit="">1575.0</value>
            <status code="0">OK</status>
        </result>
        <result pass_index="-1">
            <name>IceStormOverallScoreX</name>
            <value unit="">1908.0</value>
            <status code="0">OK</status>
        </result>
        <result pass_index="-1">
            <name>IceStormPhysicsScoreX</name>
            <value unit="">7341.0</value>
            <status code="0">OK</status>
        </result>
        <result pass_index="-1">
            <name>IceStormGraphicsScoreX</name>
            <value unit="">1575.0</value>
            <status code="0">OK</status>
        </result>
    </results>
    <execution_state fsm_state="FINALIZE_BENCHMARK_RESULT">
        <current_workload_index>3</current_workload_index>
    </execution_state>
</benchmark>
