<?xml version="1.0" encoding="UTF-8"?><benchmark>
    <results>
        <result>
            <description/>
            <name/>
            <passIndex>-1</passIndex>
            <benchmarkRunId>849585b8-a590-42f6-af33-4d8577f39bb7</benchmarkRunId>
            <result_IceStormExtreme3DMarkScore>1908</result_IceStormExtreme3DMarkScore>
            <result_IceStormExtremePhysicsScore>7341</result_IceStormExtremePhysicsScore>
            <result_IceStormExtremeGraphicsScore>1575</result_IceStormExtremeGraphicsScore>
        </result>
        <result>
            <description/>
            <name/>
            <passIndex>0</passIndex>
            <benchmarkRunId>849585b8-a590-42f6-af33-4d8577f39bb7</benchmarkRunId>
            <result_IceStormExtreme3DMarkScoreForPass>1908</result_IceStormExtreme3DMarkScoreForPass>
            <result_IceStormExtremePhysicsScoreForPass>7341</result_IceStormExtremePhysicsScoreForPass>
            <result_IceStormExtremeGraphicsScoreForPass>1575</result_IceStormExtremeGraphicsScoreForPass>
            <result_IceStormDemoExtreme>6.88</result_IceStormDemoExtreme>
            <result_IceStormGraphicsTest1Extreme>7.93</result_IceStormGraphicsTest1Extreme>
            <result_IceStormGraphicsTest2Extreme>6.02</result_IceStormGraphicsTest2Extreme>
            <result_IceStormPhysicsTestExtreme>23.30</result_IceStormPhysicsTestExtreme>
        </result>
    </results>
</benchmark>
